month,occupancy_pct,revpar,trevpar,fnb_per_occupied_room
2015-09,82.0,87.32,131.41,53.75
2015-10,79.1,74.52,119.18,56.48
2015-11,40.2,29.13,54.52,63.17
2015-12,37.6,29.56,60.18,81.53
2016-01,35.1,27.76,49.27,61.3
2016-02,57.0,46.78,80.09,58.38
2016-03,82.0,71.55,116.91,55.28
2016-04,86.0,84.67,134.43,57.88
2016-05,89.4,98.6,147.25,54.46
2016-06,86.0,92.93,144.63,60.09
2016-07,94.3,106.33,163.34,60.44
2016-08,97.2,115.27,174.8,61.25
2016-09,96.1,114.14,174.29,62.59
2016-10,93.3,103.34,155.14,55.52
2016-11,78.0,75.6,111.4,45.88
2016-12,59.3,56.49,93.0,61.6
2017-01,58.7,52.49,84.28,54.2
2017-02,76.4,69.79,114.62,58.65
2017-03,90.8,82.66,129.15,51.21
2017-04,95.2,117.45,172.05,57.36
2017-05,93.9,124.36,172.43,51.18
2017-06,93.2,121.39,175.29,57.8
2017-07,96.4,120.68,180.16,61.73
2017-08,96.6,129.97,188.18,60.25
