date,occupied_rooms,in_house_guests,room_revenue,breakfast_pkg_guests,dinner_pkg_guests,fiscal_year,rooms_available,occupancy_pct
2015-09-01,97,179.0,8164.36,171.0,43.0,Year 1 (Sep 15 - Aug 16),226,42.9
2015-09-02,127,236.0,10496.62,218.0,43.0,Year 1 (Sep 15 - Aug 16),226,56.2
2015-09-03,130,263.0,12284.1,239.0,13.0,Year 1 (Sep 15 - Aug 16),226,57.5
2015-09-04,207,363.0,19353.98,347.0,89.0,Year 1 (Sep 15 - Aug 16),226,91.6
2015-09-05,199,356.0,18215.5,340.0,39.0,Year 1 (Sep 15 - Aug 16),226,88.1
2015-09-06,217,379.0,17641.72,371.0,17.0,Year 1 (Sep 15 - Aug 16),226,96.0
2015-09-07,212,391.0,18488.86,383.0,11.0,Year 1 (Sep 15 - Aug 16),226,93.8
2015-09-08,165,301.0,15517.41,287.0,8.0,Year 1 (Sep 15 - Aug 16),226,73.0
2015-09-09,199,364.0,19087.07,348.0,35.0,Year 1 (Sep 15 - Aug 16),226,88.1
2015-09-10,187,343.0,17956.21,333.0,29.0,Year 1 (Sep 15 - Aug 16),226,82.7
2015-09-11,187,323.0,16927.56,315.0,65.0,Year 1 (Sep 15 - Aug 16),226,82.7
2015-09-12,194,343.0,16600.26,339.0,56.0,Year 1 (Sep 15 - Aug 16),226,85.8
2015-09-13,129,242.0,11918.92,231.0,29.0,Year 1 (Sep 15 - Aug 16),226,57.1
2015-09-14,171,315.0,16106.72,305.0,31.0,Year 1 (Sep 15 - Aug 16),226,75.7
2015-09-15,195,346.0,18857.34,337.0,7.0,Year 1 (Sep 15 - Aug 16),226,86.3
2015-09-16,210,370.0,20030.9,357.0,9.0,Year 1 (Sep 15 - Aug 16),226,92.9
2015-09-17,216,369.0,19149.32,353.0,59.0,Year 1 (Sep 15 - Aug 16),226,95.6
2015-09-18,220,386.0,21434.94,375.0,213.0,Year 1 (Sep 15 - Aug 16),226,97.3
2015-09-19,218,393.0,22243.26,378.0,131.0,Year 1 (Sep 15 - Aug 16),226,96.5
2015-09-20,174,303.0,17640.4,273.0,5.0,Year 1 (Sep 15 - Aug 16),226,77.0
2015-09-21,211,371.0,20535.1,337.0,5.0,Year 1 (Sep 15 - Aug 16),226,93.4
2015-09-22,219,390.0,21473.11,353.0,15.0,Year 1 (Sep 15 - Aug 16),226,96.9
2015-09-23,209,379.0,25004.49,343.0,72.0,Year 1 (Sep 15 - Aug 16),226,92.5
2015-09-24,197,359.0,24338.25,337.0,55.0,Year 1 (Sep 15 - Aug 16),226,87.2
2015-09-25,216,344.0,33900.91,332.0,53.0,Year 1 (Sep 15 - Aug 16),226,95.6
2015-09-26,188,275.0,30875.46,263.0,0.0,Year 1 (Sep 15 - Aug 16),226,83.2
2015-09-27,194,280.0,31674.33,275.0,0.0,Year 1 (Sep 15 - Aug 16),226,85.8
2015-09-28,197,277.0,31545.36,274.0,0.0,Year 1 (Sep 15 - Aug 16),226,87.2
2015-09-29,164,232.0,22660.86,228.0,0.0,Year 1 (Sep 15 - Aug 16),226,72.6
2015-09-30,113,200.0,11930.43,186.0,55.0,Year 1 (Sep 15 - Aug 16),226,50.0
2015-10-01,92,161.0,10072.61,151.0,18.0,Year 1 (Sep 15 - Aug 16),226,40.7
2015-10-02,211,312.0,21825.85,304.0,18.0,Year 1 (Sep 15 - Aug 16),226,93.4
2015-10-03,200,290.0,20158.66,286.0,5.0,Year 1 (Sep 15 - Aug 16),226,88.5
2015-10-04,161,297.0,14819.84,291.0,9.0,Year 1 (Sep 15 - Aug 16),226,71.2
2015-10-05,174,315.0,17636.4,308.0,50.0,Year 1 (Sep 15 - Aug 16),226,77.0
2015-10-06,180,331.0,18326.96,324.0,45.0,Year 1 (Sep 15 - Aug 16),226,79.6
2015-10-07,222,401.0,21676.98,397.0,7.0,Year 1 (Sep 15 - Aug 16),226,98.2
2015-10-08,223,406.0,20919.48,398.0,3.0,Year 1 (Sep 15 - Aug 16),226,98.7
2015-10-09,205,379.0,20761.65,368.0,47.0,Year 1 (Sep 15 - Aug 16),226,90.7
2015-10-10,222,424.0,19079.42,406.0,45.0,Year 1 (Sep 15 - Aug 16),226,98.2
2015-10-11,173,344.0,14409.9,328.0,1.0,Year 1 (Sep 15 - Aug 16),226,76.5
2015-10-12,175,323.0,14831.18,311.0,0.0,Year 1 (Sep 15 - Aug 16),226,77.4
2015-10-13,156,281.0,14200.64,274.0,39.0,Year 1 (Sep 15 - Aug 16),226,69.0
2015-10-14,133,239.0,12524.93,233.0,41.0,Year 1 (Sep 15 - Aug 16),226,58.8
2015-10-15,190,307.0,18107.87,298.0,72.0,Year 1 (Sep 15 - Aug 16),226,84.1
2015-10-16,216,380.0,20979.85,368.0,159.0,Year 1 (Sep 15 - Aug 16),226,95.6
2015-10-17,217,414.0,19760.91,400.0,157.0,Year 1 (Sep 15 - Aug 16),226,96.0
2015-10-18,155,298.0,14267.08,285.0,31.0,Year 1 (Sep 15 - Aug 16),226,68.6
2015-10-19,196,356.0,17722.83,348.0,2.0,Year 1 (Sep 15 - Aug 16),226,86.7
2015-10-20,215,371.0,20979.25,367.0,2.0,Year 1 (Sep 15 - Aug 16),226,95.1
2015-10-21,215,385.0,19597.42,373.0,3.0,Year 1 (Sep 15 - Aug 16),226,95.1
2015-10-22,145,288.0,14475.46,268.0,5.0,Year 1 (Sep 15 - Aug 16),226,64.2
2015-10-23,127,256.0,12043.91,241.0,3.0,Year 1 (Sep 15 - Aug 16),226,56.2
2015-10-24,107,206.0,10973.76,193.0,3.0,Year 1 (Sep 15 - Aug 16),226,47.3
2015-10-25,195,370.0,18273.27,359.0,11.0,Year 1 (Sep 15 - Aug 16),226,86.3
2015-10-26,199,385.0,18262.17,379.0,15.0,Year 1 (Sep 15 - Aug 16),226,88.1
2015-10-27,186,352.0,16826.77,346.0,18.0,Year 1 (Sep 15 - Aug 16),226,82.3
2015-10-28,173,338.0,16038.47,328.0,31.0,Year 1 (Sep 15 - Aug 16),226,76.5
2015-10-29,201,376.0,18651.75,360.0,29.0,Year 1 (Sep 15 - Aug 16),226,88.9
2015-10-30,177,339.0,15666.49,324.0,17.0,Year 1 (Sep 15 - Aug 16),226,78.3
2015-10-31,99,211.0,8247.49,195.0,0.0,Year 1 (Sep 15 - Aug 16),226,43.8
2015-11-01,94,185.0,7292.62,182.0,0.0,Year 1 (Sep 15 - Aug 16),226,41.6
2015-11-02,68,130.0,5377.84,127.0,0.0,Year 1 (Sep 15 - Aug 16),226,30.1
2015-11-03,72,137.0,5614.1,136.0,0.0,Year 1 (Sep 15 - Aug 16),226,31.9
2015-11-04,80,150.0,6580.0,148.0,0.0,Year 1 (Sep 15 - Aug 16),226,35.4
2015-11-05,89,167.0,6993.19,163.0,0.0,Year 1 (Sep 15 - Aug 16),226,39.4
2015-11-06,112,216.0,8725.03,207.0,0.0,Year 1 (Sep 15 - Aug 16),226,49.6
2015-11-07,98,190.0,7073.91,181.0,0.0,Year 1 (Sep 15 - Aug 16),226,43.4
2015-11-08,90,176.0,6188.12,173.0,0.0,Year 1 (Sep 15 - Aug 16),226,39.8
2015-11-09,56,104.0,4153.55,102.0,0.0,Year 1 (Sep 15 - Aug 16),226,24.8
2015-11-10,59,105.0,4080.11,105.0,0.0,Year 1 (Sep 15 - Aug 16),226,26.1
2015-11-11,70,125.0,5275.14,125.0,0.0,Year 1 (Sep 15 - Aug 16),226,31.0
2015-11-12,65,119.0,4765.25,119.0,0.0,Year 1 (Sep 15 - Aug 16),226,28.8
2015-11-13,58,112.0,4220.27,112.0,0.0,Year 1 (Sep 15 - Aug 16),226,25.7
2015-11-14,58,111.0,4337.8,109.0,0.0,Year 1 (Sep 15 - Aug 16),226,25.7
2015-11-15,46,81.0,3298.31,75.0,0.0,Year 1 (Sep 15 - Aug 16),226,20.4
2015-11-16,42,69.0,2809.39,63.0,0.0,Year 1 (Sep 15 - Aug 16),226,18.6
2015-11-17,59,86.0,4014.29,78.0,0.0,Year 1 (Sep 15 - Aug 16),226,26.1
2015-11-18,126,183.0,8776.82,179.0,0.0,Year 1 (Sep 15 - Aug 16),226,55.8
2015-11-19,127,192.0,8901.07,188.0,2.0,Year 1 (Sep 15 - Aug 16),226,56.2
2015-11-20,191,268.0,13479.14,266.0,2.0,Year 1 (Sep 15 - Aug 16),226,84.5
2015-11-21,125,180.0,8974.44,180.0,0.0,Year 1 (Sep 15 - Aug 16),226,55.3
2015-11-22,44,74.0,3285.16,74.0,0.0,Year 1 (Sep 15 - Aug 16),226,19.5
2015-11-23,147,189.0,10517.78,187.0,0.0,Year 1 (Sep 15 - Aug 16),226,65.0
2015-11-24,166,217.0,11906.89,215.0,0.0,Year 1 (Sep 15 - Aug 16),226,73.5
2015-11-25,166,223.0,12118.55,221.0,0.0,Year 1 (Sep 15 - Aug 16),226,73.5
2015-11-26,110,166.0,8120.88,162.0,0.0,Year 1 (Sep 15 - Aug 16),226,48.7
2015-11-27,103,169.0,6981.25,166.0,0.0,Year 1 (Sep 15 - Aug 16),226,45.6
2015-11-28,98,167.0,6530.52,164.0,2.0,Year 1 (Sep 15 - Aug 16),226,43.4
2015-11-29,77,138.0,5119.28,136.0,2.0,Year 1 (Sep 15 - Aug 16),226,34.1
2015-11-30,29,52.0,1984.68,50.0,0.0,Year 1 (Sep 15 - Aug 16),226,12.8
2015-12-01,34,53.0,2383.67,51.0,0.0,Year 1 (Sep 15 - Aug 16),226,15.0
2015-12-02,44,59.0,3026.66,54.0,1.0,Year 1 (Sep 15 - Aug 16),226,19.5
2015-12-03,47,72.0,3446.14,69.0,0.0,Year 1 (Sep 15 - Aug 16),226,20.8
2015-12-04,80,162.0,6634.64,154.0,0.0,Year 1 (Sep 15 - Aug 16),226,35.4
2015-12-05,207,423.0,16373.26,402.0,34.0,Year 1 (Sep 15 - Aug 16),226,91.6
2015-12-06,212,429.0,17154.5,409.0,34.0,Year 1 (Sep 15 - Aug 16),226,93.8
2015-12-07,179,357.0,13763.05,341.0,34.0,Year 1 (Sep 15 - Aug 16),226,79.2
2015-12-08,55,96.0,4376.19,91.0,31.0,Year 1 (Sep 15 - Aug 16),226,24.3
2015-12-09,55,91.0,3789.1,91.0,0.0,Year 1 (Sep 15 - Aug 16),226,24.3
2015-12-10,91,134.0,4558.85,122.0,29.0,Year 1 (Sep 15 - Aug 16),226,40.3
2015-12-11,93,159.0,4407.54,147.0,27.0,Year 1 (Sep 15 - Aug 16),226,41.2
2015-12-12,55,110.0,3779.94,106.0,0.0,Year 1 (Sep 15 - Aug 16),226,24.3
2015-12-13,30,52.0,2181.0,48.0,0.0,Year 1 (Sep 15 - Aug 16),226,13.3
2015-12-14,27,43.0,1973.16,42.0,0.0,Year 1 (Sep 15 - Aug 16),226,11.9
2015-12-15,21,29.0,1487.37,29.0,0.0,Year 1 (Sep 15 - Aug 16),226,9.3
2015-12-16,29,42.0,1937.6,42.0,0.0,Year 1 (Sep 15 - Aug 16),226,12.8
2015-12-17,34,55.0,2328.04,52.0,0.0,Year 1 (Sep 15 - Aug 16),226,15.0
2015-12-18,51,89.0,3675.81,75.0,0.0,Year 1 (Sep 15 - Aug 16),226,22.6
2015-12-19,42,89.0,3148.57,77.0,2.0,Year 1 (Sep 15 - Aug 16),226,18.6
2015-12-20,36,76.0,2789.25,64.0,5.0,Year 1 (Sep 15 - Aug 16),226,15.9
2015-12-21,39,79.0,2842.67,69.0,5.0,Year 1 (Sep 15 - Aug 16),226,17.3
2015-12-22,35,71.0,2348.6,67.0,5.0,Year 1 (Sep 15 - Aug 16),226,15.5
2015-12-23,36,71.0,2419.25,64.0,8.0,Year 1 (Sep 15 - Aug 16),226,15.9
2015-12-24,51,98.0,3546.26,83.0,5.0,Year 1 (Sep 15 - Aug 16),226,22.6
2015-12-25,59,118.0,4099.9,108.0,5.0,Year 1 (Sep 15 - Aug 16),226,26.1
2015-12-26,99,210.0,7553.67,195.0,10.0,Year 1 (Sep 15 - Aug 16),226,43.8
2015-12-27,130,276.0,10601.31,249.0,12.0,Year 1 (Sep 15 - Aug 16),226,57.5
2015-12-28,155,329.0,13416.26,288.0,16.0,Year 1 (Sep 15 - Aug 16),226,68.6
2015-12-29,197,408.0,17472.53,363.0,23.0,Year 1 (Sep 15 - Aug 16),226,87.2
2015-12-30,195,410.0,18548.6,384.0,17.0,Year 1 (Sep 15 - Aug 16),226,86.3
2015-12-31,213,440.0,21052.25,419.0,23.0,Year 1 (Sep 15 - Aug 16),226,94.2
2016-01-01,164,353.0,16990.23,331.0,23.0,Year 1 (Sep 15 - Aug 16),226,72.6
2016-01-02,169,336.0,15838.02,312.0,94.0,Year 1 (Sep 15 - Aug 16),226,74.8
2016-01-03,119,227.0,10651.3,213.0,88.0,Year 1 (Sep 15 - Aug 16),226,52.7
2016-01-04,125,229.0,10811.16,214.0,90.0,Year 1 (Sep 15 - Aug 16),226,55.3
2016-01-05,61,110.0,4521.22,94.0,4.0,Year 1 (Sep 15 - Aug 16),226,27.0
2016-01-06,64,110.0,4762.66,95.0,4.0,Year 1 (Sep 15 - Aug 16),226,28.3
2016-01-07,56,97.0,3866.21,85.0,4.0,Year 1 (Sep 15 - Aug 16),226,24.8
2016-01-08,47,91.0,3370.1,72.0,8.0,Year 1 (Sep 15 - Aug 16),226,20.8
2016-01-09,49,96.0,3613.83,77.0,13.0,Year 1 (Sep 15 - Aug 16),226,21.7
2016-01-10,47,86.0,3473.1,80.0,5.0,Year 1 (Sep 15 - Aug 16),226,20.8
2016-01-11,36,64.0,2664.81,59.0,3.0,Year 1 (Sep 15 - Aug 16),226,15.9
2016-01-12,45,89.0,3258.57,79.0,0.0,Year 1 (Sep 15 - Aug 16),226,19.9
2016-01-13,40,82.0,2920.3,70.0,0.0,Year 1 (Sep 15 - Aug 16),226,17.7
2016-01-14,67,117.0,4188.29,108.0,0.0,Year 1 (Sep 15 - Aug 16),226,29.6
2016-01-15,79,152.0,5504.54,136.0,0.0,Year 1 (Sep 15 - Aug 16),226,35.0
2016-01-16,90,177.0,6352.17,152.0,0.0,Year 1 (Sep 15 - Aug 16),226,39.8
2016-01-17,53,101.0,4048.49,86.0,0.0,Year 1 (Sep 15 - Aug 16),226,23.5
2016-01-18,53,89.0,3972.17,80.0,0.0,Year 1 (Sep 15 - Aug 16),226,23.5
2016-01-19,122,162.0,9099.66,145.0,0.0,Year 1 (Sep 15 - Aug 16),226,54.0
2016-01-20,126,165.0,9265.35,138.0,0.0,Year 1 (Sep 15 - Aug 16),226,55.8
2016-01-21,99,146.0,7574.05,110.0,0.0,Year 1 (Sep 15 - Aug 16),226,43.8
2016-01-22,73,126.0,5602.41,97.0,0.0,Year 1 (Sep 15 - Aug 16),226,32.3
2016-01-23,77,138.0,6048.23,114.0,0.0,Year 1 (Sep 15 - Aug 16),226,34.1
2016-01-24,54,100.0,4223.9,94.0,0.0,Year 1 (Sep 15 - Aug 16),226,23.9
2016-01-25,82,151.0,5839.79,149.0,0.0,Year 1 (Sep 15 - Aug 16),226,36.3
2016-01-26,79,140.0,5875.97,134.0,0.0,Year 1 (Sep 15 - Aug 16),226,35.0
2016-01-27,84,129.0,5793.25,122.0,0.0,Year 1 (Sep 15 - Aug 16),226,37.2
2016-01-28,81,130.0,6731.73,119.0,0.0,Year 1 (Sep 15 - Aug 16),226,35.8
2016-01-29,77,144.0,6362.48,120.0,7.0,Year 1 (Sep 15 - Aug 16),226,34.1
2016-01-30,81,159.0,6450.58,137.0,7.0,Year 1 (Sep 15 - Aug 16),226,35.8
2016-01-31,60,117.0,4780.61,105.0,4.0,Year 1 (Sep 15 - Aug 16),226,26.5
2016-02-01,56,99.0,4325.13,91.0,2.0,Year 1 (Sep 15 - Aug 16),226,24.8
2016-02-02,49,80.0,3597.56,75.0,2.0,Year 1 (Sep 15 - Aug 16),226,21.7
2016-02-03,70,122.0,5245.43,115.0,0.0,Year 1 (Sep 15 - Aug 16),226,31.0
2016-02-04,80,147.0,6224.93,137.0,0.0,Year 1 (Sep 15 - Aug 16),226,35.4
2016-02-05,109,209.0,8846.47,180.0,3.0,Year 1 (Sep 15 - Aug 16),226,48.2
2016-02-06,170,330.0,13365.64,284.0,13.0,Year 1 (Sep 15 - Aug 16),226,75.2
2016-02-07,162,322.0,12313.01,291.0,11.0,Year 1 (Sep 15 - Aug 16),226,71.7
2016-02-08,173,357.0,13552.54,317.0,14.0,Year 1 (Sep 15 - Aug 16),226,76.5
2016-02-09,155,312.0,11530.02,282.0,5.0,Year 1 (Sep 15 - Aug 16),226,68.6
2016-02-10,100,192.0,7763.85,172.0,3.0,Year 1 (Sep 15 - Aug 16),226,44.2
2016-02-11,107,213.0,8577.03,186.0,5.0,Year 1 (Sep 15 - Aug 16),226,47.3
2016-02-12,148,310.0,12161.15,246.0,8.0,Year 1 (Sep 15 - Aug 16),226,65.5
2016-02-13,195,402.0,16314.53,315.0,13.0,Year 1 (Sep 15 - Aug 16),226,86.3
2016-02-14,140,290.0,11882.01,244.0,20.0,Year 1 (Sep 15 - Aug 16),226,61.9
2016-02-15,123,241.0,10190.75,208.0,16.0,Year 1 (Sep 15 - Aug 16),226,54.4
2016-02-16,124,231.0,10128.87,209.0,13.0,Year 1 (Sep 15 - Aug 16),226,54.9
2016-02-17,107,201.0,8603.53,185.0,12.0,Year 1 (Sep 15 - Aug 16),226,47.3
2016-02-18,115,218.0,9780.79,203.0,12.0,Year 1 (Sep 15 - Aug 16),226,50.9
2016-02-19,204,315.0,17193.09,297.0,4.0,Year 1 (Sep 15 - Aug 16),226,90.3
2016-02-20,151,288.0,12734.32,256.0,2.0,Year 1 (Sep 15 - Aug 16),226,66.8
2016-02-21,114,228.0,9204.22,211.0,2.0,Year 1 (Sep 15 - Aug 16),226,50.4
2016-02-22,122,250.0,10183.95,225.0,2.0,Year 1 (Sep 15 - Aug 16),226,54.0
2016-02-23,128,265.0,10868.19,239.0,7.0,Year 1 (Sep 15 - Aug 16),226,56.6
2016-02-24,135,275.0,11862.25,242.0,14.0,Year 1 (Sep 15 - Aug 16),226,59.7
2016-02-25,129,268.0,11515.66,234.0,12.0,Year 1 (Sep 15 - Aug 16),226,57.1
2016-02-26,139,293.0,11732.6,257.0,9.0,Year 1 (Sep 15 - Aug 16),226,61.5
2016-02-27,168,321.0,14386.93,296.0,8.0,Year 1 (Sep 15 - Aug 16),226,74.3
2016-02-28,136,238.0,11633.18,226.0,3.0,Year 1 (Sep 15 - Aug 16),226,60.2
2016-02-29,130,200.0,10902.93,196.0,10.0,Year 1 (Sep 15 - Aug 16),226,57.5
2016-03-01,169,253.0,13443.3,242.0,12.0,Year 1 (Sep 15 - Aug 16),226,74.8
2016-03-02,179,277.0,14053.51,252.0,11.0,Year 1 (Sep 15 - Aug 16),226,79.2
2016-03-03,158,282.0,12880.14,260.0,14.0,Year 1 (Sep 15 - Aug 16),226,69.9
2016-03-04,170,340.0,14526.4,300.0,14.0,Year 1 (Sep 15 - Aug 16),226,75.2
2016-03-05,194,378.0,16178.05,318.0,18.0,Year 1 (Sep 15 - Aug 16),226,85.8
2016-03-06,154,294.0,12157.95,246.0,18.0,Year 1 (Sep 15 - Aug 16),226,68.1
2016-03-07,165,288.0,13378.11,243.0,34.0,Year 1 (Sep 15 - Aug 16),226,73.0
2016-03-08,170,285.0,13710.21,251.0,28.0,Year 1 (Sep 15 - Aug 16),226,75.2
2016-03-09,182,309.0,14365.49,268.0,20.0,Year 1 (Sep 15 - Aug 16),226,80.5
2016-03-10,185,340.0,15006.63,277.0,19.0,Year 1 (Sep 15 - Aug 16),226,81.9
2016-03-11,197,383.0,15859.28,304.0,7.0,Year 1 (Sep 15 - Aug 16),226,87.2
2016-03-12,194,389.0,15421.34,310.0,11.0,Year 1 (Sep 15 - Aug 16),226,85.8
2016-03-13,193,369.0,14993.63,303.0,8.0,Year 1 (Sep 15 - Aug 16),226,85.4
2016-03-14,174,324.0,13690.34,280.0,11.0,Year 1 (Sep 15 - Aug 16),226,77.0
2016-03-15,181,332.0,14272.12,280.0,18.0,Year 1 (Sep 15 - Aug 16),226,80.1
2016-03-16,174,308.0,13494.38,262.0,24.0,Year 1 (Sep 15 - Aug 16),226,77.0
2016-03-17,179,320.0,14510.01,279.0,21.0,Year 1 (Sep 15 - Aug 16),226,79.2
2016-03-18,181,347.0,15539.16,319.0,46.0,Year 1 (Sep 15 - Aug 16),226,80.1
2016-03-19,185,368.0,16804.61,337.0,43.0,Year 1 (Sep 15 - Aug 16),226,81.9
2016-03-20,212,413.0,19145.73,386.0,6.0,Year 1 (Sep 15 - Aug 16),226,93.8
2016-03-21,214,430.0,19569.8,374.0,6.0,Year 1 (Sep 15 - Aug 16),226,94.7
2016-03-22,191,407.0,17798.14,350.0,3.0,Year 1 (Sep 15 - Aug 16),226,84.5
2016-03-23,195,422.0,18601.8,364.0,6.0,Year 1 (Sep 15 - Aug 16),226,86.3
2016-03-24,223,496.0,23058.73,432.0,8.0,Year 1 (Sep 15 - Aug 16),226,98.7
2016-03-25,219,490.0,22464.29,427.0,5.0,Year 1 (Sep 15 - Aug 16),226,96.9
2016-03-26,201,456.0,20809.12,396.0,5.0,Year 1 (Sep 15 - Aug 16),226,88.9
2016-03-27,174,375.0,16966.19,350.0,35.0,Year 1 (Sep 15 - Aug 16),226,77.0
2016-03-28,167,363.0,16226.94,343.0,45.0,Year 1 (Sep 15 - Aug 16),226,73.9
2016-03-29,180,370.0,16877.82,342.0,47.0,Year 1 (Sep 15 - Aug 16),226,79.6
2016-03-30,184,387.0,16960.08,346.0,27.0,Year 1 (Sep 15 - Aug 16),226,81.4
2016-03-31,204,414.0,18550.91,379.0,28.0,Year 1 (Sep 15 - Aug 16),226,90.3
2016-04-01,206,408.0,18575.97,360.0,32.0,Year 1 (Sep 15 - Aug 16),226,91.2
2016-04-02,189,382.0,16811.94,328.0,27.0,Year 1 (Sep 15 - Aug 16),226,83.6
2016-04-03,152,313.0,14032.38,270.0,17.0,Year 1 (Sep 15 - Aug 16),226,67.3
2016-04-04,174,347.0,15937.99,302.0,33.0,Year 1 (Sep 15 - Aug 16),226,77.0
2016-04-05,179,346.0,16170.72,297.0,32.0,Year 1 (Sep 15 - Aug 16),226,79.2
2016-04-06,216,420.0,20584.73,398.0,154.0,Year 1 (Sep 15 - Aug 16),226,95.6
2016-04-07,161,322.0,15595.92,299.0,28.0,Year 1 (Sep 15 - Aug 16),226,71.2
2016-04-08,170,349.0,16571.21,308.0,3.0,Year 1 (Sep 15 - Aug 16),226,75.2
2016-04-09,196,395.0,17985.12,359.0,37.0,Year 1 (Sep 15 - Aug 16),226,86.7
2016-04-10,186,373.0,17082.66,329.0,34.0,Year 1 (Sep 15 - Aug 16),226,82.3
2016-04-11,192,400.0,19486.25,350.0,12.0,Year 1 (Sep 15 - Aug 16),226,85.0
2016-04-12,198,405.0,19771.08,361.0,17.0,Year 1 (Sep 15 - Aug 16),226,87.6
2016-04-13,222,460.0,22823.35,409.0,45.0,Year 1 (Sep 15 - Aug 16),226,98.2
2016-04-14,176,368.0,18040.94,321.0,13.0,Year 1 (Sep 15 - Aug 16),226,77.9
2016-04-15,180,382.0,18695.92,337.0,10.0,Year 1 (Sep 15 - Aug 16),226,79.6
2016-04-16,198,417.0,20345.31,364.0,6.0,Year 1 (Sep 15 - Aug 16),226,87.6
2016-04-17,186,398.0,18818.7,348.0,4.0,Year 1 (Sep 15 - Aug 16),226,82.3
2016-04-18,202,407.0,19357.59,361.0,17.0,Year 1 (Sep 15 - Aug 16),226,89.4
2016-04-19,183,361.0,17264.42,323.0,17.0,Year 1 (Sep 15 - Aug 16),226,81.0
2016-04-20,219,420.0,20512.06,407.0,58.0,Year 1 (Sep 15 - Aug 16),226,96.9
2016-04-21,219,439.0,22033.99,425.0,60.0,Year 1 (Sep 15 - Aug 16),226,96.9
2016-04-22,196,406.0,19862.36,388.0,14.0,Year 1 (Sep 15 - Aug 16),226,86.7
2016-04-23,221,456.0,22434.24,429.0,6.0,Year 1 (Sep 15 - Aug 16),226,97.8
2016-04-24,186,393.0,18926.21,360.0,12.0,Year 1 (Sep 15 - Aug 16),226,82.3
2016-04-25,185,388.0,18454.65,352.0,10.0,Year 1 (Sep 15 - Aug 16),226,81.9
2016-04-26,208,426.0,20605.4,387.0,70.0,Year 1 (Sep 15 - Aug 16),226,92.0
2016-04-27,195,394.0,19959.82,346.0,37.0,Year 1 (Sep 15 - Aug 16),226,86.3
2016-04-28,209,424.0,21511.43,384.0,29.0,Year 1 (Sep 15 - Aug 16),226,92.5
2016-04-29,211,437.0,22273.7,399.0,2.0,Year 1 (Sep 15 - Aug 16),226,93.4
2016-04-30,214,446.0,23540.11,414.0,5.0,Year 1 (Sep 15 - Aug 16),226,94.7
2016-05-01,172,358.0,19287.38,326.0,5.0,Year 1 (Sep 15 - Aug 16),226,76.1
2016-05-02,209,405.0,22278.43,367.0,2.0,Year 1 (Sep 15 - Aug 16),226,92.5
2016-05-03,202,387.0,21224.87,353.0,35.0,Year 1 (Sep 15 - Aug 16),226,89.4
2016-05-04,202,390.0,20710.05,364.0,40.0,Year 1 (Sep 15 - Aug 16),226,89.4
2016-05-05,223,431.0,22983.48,409.0,63.0,Year 1 (Sep 15 - Aug 16),226,98.7
2016-05-06,224,443.0,23627.18,413.0,32.0,Year 1 (Sep 15 - Aug 16),226,99.1
2016-05-07,222,440.0,24551.71,392.0,35.0,Year 1 (Sep 15 - Aug 16),226,98.2
2016-05-08,141,274.0,15371.64,231.0,8.0,Year 1 (Sep 15 - Aug 16),226,62.4
2016-05-09,178,323.0,18654.81,274.0,16.0,Year 1 (Sep 15 - Aug 16),226,78.8
2016-05-10,196,340.0,20913.92,307.0,35.0,Year 1 (Sep 15 - Aug 16),226,86.7
2016-05-11,209,370.0,23076.75,341.0,30.0,Year 1 (Sep 15 - Aug 16),226,92.5
2016-05-12,211,396.0,24446.64,357.0,32.0,Year 1 (Sep 15 - Aug 16),226,93.4
2016-05-13,214,436.0,24713.45,384.0,8.0,Year 1 (Sep 15 - Aug 16),226,94.7
2016-05-14,218,456.0,24473.8,421.0,5.0,Year 1 (Sep 15 - Aug 16),226,96.5
2016-05-15,223,456.0,24151.27,423.0,10.0,Year 1 (Sep 15 - Aug 16),226,98.7
2016-05-16,212,411.0,23335.18,371.0,11.0,Year 1 (Sep 15 - Aug 16),226,93.8
2016-05-17,224,392.0,25342.56,364.0,31.0,Year 1 (Sep 15 - Aug 16),226,99.1
2016-05-18,219,369.0,24834.4,336.0,29.0,Year 1 (Sep 15 - Aug 16),226,96.9
2016-05-19,220,412.0,24533.92,381.0,29.0,Year 1 (Sep 15 - Aug 16),226,97.3
2016-05-20,211,413.0,21523.97,403.0,29.0,Year 1 (Sep 15 - Aug 16),226,93.4
2016-05-21,222,440.0,24067.68,422.0,46.0,Year 1 (Sep 15 - Aug 16),226,98.2
2016-05-22,205,409.0,23086.52,371.0,40.0,Year 1 (Sep 15 - Aug 16),226,90.7
2016-05-23,188,341.0,21529.63,288.0,15.0,Year 1 (Sep 15 - Aug 16),226,83.2
2016-05-24,185,333.0,20857.4,301.0,15.0,Year 1 (Sep 15 - Aug 16),226,81.9
2016-05-25,162,307.0,18423.48,269.0,13.0,Year 1 (Sep 15 - Aug 16),226,71.7
2016-05-26,209,414.0,24595.14,406.0,3.0,Year 1 (Sep 15 - Aug 16),226,92.5
2016-05-27,222,439.0,25693.26,431.0,0.0,Year 1 (Sep 15 - Aug 16),226,98.2
2016-05-28,223,447.0,26702.06,434.0,0.0,Year 1 (Sep 15 - Aug 16),226,98.7
2016-05-29,146,295.0,16185.24,277.0,6.0,Year 1 (Sep 15 - Aug 16),226,64.6
2016-05-30,177,331.0,18904.4,309.0,6.0,Year 1 (Sep 15 - Aug 16),226,78.3
2016-05-31,191,355.0,20687.34,313.0,6.0,Year 1 (Sep 15 - Aug 16),226,84.5
2016-06-01,190,364.0,20873.71,314.0,8.0,Year 1 (Sep 15 - Aug 16),226,84.1
2016-06-02,218,427.0,24319.1,390.0,14.0,Year 1 (Sep 15 - Aug 16),226,96.5
2016-06-03,219,444.0,25395.01,421.0,10.0,Year 1 (Sep 15 - Aug 16),226,96.9
2016-06-04,206,410.0,22889.83,381.0,10.0,Year 1 (Sep 15 - Aug 16),226,91.2
2016-06-05,155,297.0,15684.34,275.0,2.0,Year 1 (Sep 15 - Aug 16),226,68.6
2016-06-06,220,342.0,22756.38,332.0,115.0,Year 1 (Sep 15 - Aug 16),226,97.3
2016-06-07,215,317.0,23350.54,306.0,117.0,Year 1 (Sep 15 - Aug 16),226,95.1
2016-06-08,178,267.0,19597.86,252.0,4.0,Year 1 (Sep 15 - Aug 16),226,78.8
2016-06-09,165,309.0,18156.53,277.0,9.0,Year 1 (Sep 15 - Aug 16),226,73.0
2016-06-10,209,413.0,22927.56,381.0,8.0,Year 1 (Sep 15 - Aug 16),226,92.5
2016-06-11,217,431.0,24043.21,401.0,3.0,Year 1 (Sep 15 - Aug 16),226,96.0
2016-06-12,173,351.0,18657.48,320.0,7.0,Year 1 (Sep 15 - Aug 16),226,76.5
2016-06-13,137,275.0,15095.55,221.0,8.0,Year 1 (Sep 15 - Aug 16),226,60.6
2016-06-14,153,271.0,16383.74,232.0,11.0,Year 1 (Sep 15 - Aug 16),226,67.7
2016-06-15,189,330.0,20873.92,307.0,128.0,Year 1 (Sep 15 - Aug 16),226,83.6
2016-06-16,217,399.0,24664.02,361.0,161.0,Year 1 (Sep 15 - Aug 16),226,96.0
2016-06-17,198,397.0,21438.66,338.0,50.0,Year 1 (Sep 15 - Aug 16),226,87.6
2016-06-18,214,441.0,23034.58,392.0,47.0,Year 1 (Sep 15 - Aug 16),226,94.7
2016-06-19,208,436.0,22689.0,397.0,23.0,Year 1 (Sep 15 - Aug 16),226,92.0
2016-06-20,203,410.0,22680.42,366.0,20.0,Year 1 (Sep 15 - Aug 16),226,89.8
2016-06-21,206,409.0,22251.97,363.0,20.0,Year 1 (Sep 15 - Aug 16),226,91.2
2016-06-22,192,359.0,20196.99,316.0,18.0,Year 1 (Sep 15 - Aug 16),226,85.0
2016-06-23,146,269.0,14758.24,230.0,4.0,Year 1 (Sep 15 - Aug 16),226,64.6
2016-06-24,222,328.0,21186.05,328.0,121.0,Year 1 (Sep 15 - Aug 16),226,98.2
2016-06-25,224,334.0,21425.98,334.0,121.0,Year 1 (Sep 15 - Aug 16),226,99.1
2016-06-26,161,322.0,16218.81,270.0,11.0,Year 1 (Sep 15 - Aug 16),226,71.2
2016-06-27,184,383.0,19877.04,318.0,17.0,Year 1 (Sep 15 - Aug 16),226,81.4
2016-06-28,204,432.0,22806.75,367.0,19.0,Year 1 (Sep 15 - Aug 16),226,90.3
2016-06-29,201,434.0,22256.88,373.0,20.0,Year 1 (Sep 15 - Aug 16),226,88.9
2016-06-30,209,451.0,23592.28,378.0,19.0,Year 1 (Sep 15 - Aug 16),226,92.5
2016-07-01,210,466.0,23986.77,393.0,17.0,Year 1 (Sep 15 - Aug 16),226,92.9
2016-07-02,187,431.0,21082.18,367.0,12.0,Year 1 (Sep 15 - Aug 16),226,82.7
2016-07-03,194,440.0,22087.69,382.0,20.0,Year 1 (Sep 15 - Aug 16),226,85.8
2016-07-04,208,455.0,23655.38,396.0,26.0,Year 1 (Sep 15 - Aug 16),226,92.0
2016-07-05,215,459.0,24497.95,397.0,26.0,Year 1 (Sep 15 - Aug 16),226,95.1
2016-07-06,223,480.0,25580.77,402.0,20.0,Year 1 (Sep 15 - Aug 16),226,98.7
2016-07-07,217,461.0,24430.11,393.0,14.0,Year 1 (Sep 15 - Aug 16),226,96.0
2016-07-08,219,483.0,25031.49,407.0,8.0,Year 1 (Sep 15 - Aug 16),226,96.9
2016-07-09,213,477.0,24320.64,420.0,36.0,Year 1 (Sep 15 - Aug 16),226,94.2
2016-07-10,217,485.0,24157.07,437.0,50.0,Year 1 (Sep 15 - Aug 16),226,96.0
2016-07-11,221,487.0,25129.06,446.0,23.0,Year 1 (Sep 15 - Aug 16),226,97.8
2016-07-12,216,492.0,24886.49,456.0,31.0,Year 1 (Sep 15 - Aug 16),226,95.6
2016-07-13,224,529.0,25718.45,490.0,54.0,Year 1 (Sep 15 - Aug 16),226,99.1
2016-07-14,222,517.0,25264.38,463.0,48.0,Year 1 (Sep 15 - Aug 16),226,98.2
2016-07-15,222,522.0,25207.42,457.0,38.0,Year 1 (Sep 15 - Aug 16),226,98.2
2016-07-16,222,524.0,25200.57,459.0,58.0,Year 1 (Sep 15 - Aug 16),226,98.2
2016-07-17,205,485.0,23488.67,439.0,51.0,Year 1 (Sep 15 - Aug 16),226,90.7
2016-07-18,215,481.0,24012.22,435.0,32.0,Year 1 (Sep 15 - Aug 16),226,95.1
2016-07-19,213,472.0,24011.76,434.0,33.0,Year 1 (Sep 15 - Aug 16),226,94.2
2016-07-20,202,444.0,23176.14,400.0,32.0,Year 1 (Sep 15 - Aug 16),226,89.4
2016-07-21,222,475.0,25408.0,453.0,148.0,Year 1 (Sep 15 - Aug 16),226,98.2
2016-07-22,217,456.0,22951.25,442.0,141.0,Year 1 (Sep 15 - Aug 16),226,96.0
2016-07-23,214,485.0,23081.93,431.0,29.0,Year 1 (Sep 15 - Aug 16),226,94.7
2016-07-24,200,471.0,22446.63,419.0,30.0,Year 1 (Sep 15 - Aug 16),226,88.5
2016-07-25,214,496.0,23705.22,450.0,32.0,Year 1 (Sep 15 - Aug 16),226,94.7
2016-07-26,221,512.0,24655.02,484.0,48.0,Year 1 (Sep 15 - Aug 16),226,97.8
2016-07-27,217,516.0,24928.08,465.0,37.0,Year 1 (Sep 15 - Aug 16),226,96.0
2016-07-28,212,505.0,23498.15,445.0,17.0,Year 1 (Sep 15 - Aug 16),226,93.8
2016-07-29,199,478.0,22333.75,419.0,15.0,Year 1 (Sep 15 - Aug 16),226,88.1
2016-07-30,216,475.0,23920.28,452.0,144.0,Year 1 (Sep 15 - Aug 16),226,95.6
2016-07-31,211,455.0,23085.42,427.0,144.0,Year 1 (Sep 15 - Aug 16),226,93.4
2016-08-01,192,450.0,22287.54,402.0,23.0,Year 1 (Sep 15 - Aug 16),226,85.0
2016-08-02,218,507.0,25630.49,438.0,26.0,Year 1 (Sep 15 - Aug 16),226,96.5
2016-08-03,219,514.0,25319.84,454.0,21.0,Year 1 (Sep 15 - Aug 16),226,96.9
2016-08-04,224,527.0,26440.66,482.0,27.0,Year 1 (Sep 15 - Aug 16),226,99.1
2016-08-05,221,521.0,25906.05,474.0,35.0,Year 1 (Sep 15 - Aug 16),226,97.8
2016-08-06,224,530.0,27204.07,479.0,30.0,Year 1 (Sep 15 - Aug 16),226,99.1
2016-08-07,218,503.0,25473.28,432.0,29.0,Year 1 (Sep 15 - Aug 16),226,96.5
2016-08-08,220,517.0,26322.25,468.0,24.0,Year 1 (Sep 15 - Aug 16),226,97.3
2016-08-09,223,521.0,26287.46,477.0,18.0,Year 1 (Sep 15 - Aug 16),226,98.7
2016-08-10,223,523.0,26979.26,478.0,25.0,Year 1 (Sep 15 - Aug 16),226,98.7
2016-08-11,224,518.0,26299.28,469.0,15.0,Year 1 (Sep 15 - Aug 16),226,99.1
2016-08-12,225,506.0,25836.29,450.0,40.0,Year 1 (Sep 15 - Aug 16),226,99.6
2016-08-13,226,533.0,28321.7,476.0,29.0,Year 1 (Sep 15 - Aug 16),226,100.0
2016-08-14,225,533.0,28914.57,503.0,30.0,Year 1 (Sep 15 - Aug 16),226,99.6
2016-08-15,212,498.0,26958.56,461.0,31.0,Year 1 (Sep 15 - Aug 16),226,93.8
2016-08-16,224,523.0,28846.58,464.0,51.0,Year 1 (Sep 15 - Aug 16),226,99.1
2016-08-17,225,523.0,28443.76,451.0,47.0,Year 1 (Sep 15 - Aug 16),226,99.6
2016-08-18,223,488.0,26797.01,468.0,154.0,Year 1 (Sep 15 - Aug 16),226,98.7
2016-08-19,226,493.0,27854.96,458.0,176.0,Year 1 (Sep 15 - Aug 16),226,100.0
2016-08-20,214,489.0,26856.81,429.0,72.0,Year 1 (Sep 15 - Aug 16),226,94.7
2016-08-21,220,509.0,26080.51,442.0,58.0,Year 1 (Sep 15 - Aug 16),226,97.3
2016-08-22,225,516.0,26061.33,462.0,33.0,Year 1 (Sep 15 - Aug 16),226,99.6
2016-08-23,223,516.0,26376.32,459.0,44.0,Year 1 (Sep 15 - Aug 16),226,98.7
2016-08-24,209,478.0,24639.58,422.0,47.0,Year 1 (Sep 15 - Aug 16),226,92.5
2016-08-25,223,504.0,25310.06,467.0,40.0,Year 1 (Sep 15 - Aug 16),226,98.7
2016-08-26,224,492.0,25446.55,458.0,28.0,Year 1 (Sep 15 - Aug 16),226,99.1
2016-08-27,221,477.0,24587.49,441.0,26.0,Year 1 (Sep 15 - Aug 16),226,97.8
2016-08-28,222,500.0,25042.34,440.0,35.0,Year 1 (Sep 15 - Aug 16),226,98.2
2016-08-29,221,488.0,24433.93,425.0,27.0,Year 1 (Sep 15 - Aug 16),226,97.8
2016-08-30,205,450.0,23045.39,397.0,29.0,Year 1 (Sep 15 - Aug 16),226,90.7
2016-08-31,210,454.0,23601.81,393.0,23.0,Year 1 (Sep 15 - Aug 16),226,92.9
2016-09-01,225,474.0,25592.55,392.0,23.0,Year 2 (Sep 16 - Aug 17),226,99.6
2016-09-02,219,457.0,25425.81,374.0,24.0,Year 2 (Sep 16 - Aug 17),226,96.9
2016-09-03,217,447.0,24471.54,401.0,65.0,Year 2 (Sep 16 - Aug 17),226,96.0
2016-09-04,209,430.0,23370.21,389.0,64.0,Year 2 (Sep 16 - Aug 17),226,92.5
2016-09-05,214,436.0,23960.45,388.0,46.0,Year 2 (Sep 16 - Aug 17),226,94.7
2016-09-06,226,448.0,25702.9,410.0,57.0,Year 2 (Sep 16 - Aug 17),226,100.0
2016-09-07,225,450.0,25961.35,412.0,57.0,Year 2 (Sep 16 - Aug 17),226,99.6
2016-09-08,226,451.0,27457.71,415.0,50.0,Year 2 (Sep 16 - Aug 17),226,100.0
2016-09-09,219,442.0,27265.59,387.0,51.0,Year 2 (Sep 16 - Aug 17),226,96.9
2016-09-10,220,456.0,27642.83,405.0,82.0,Year 2 (Sep 16 - Aug 17),226,97.3
2016-09-11,211,443.0,25097.29,378.0,77.0,Year 2 (Sep 16 - Aug 17),226,93.4
2016-09-12,204,408.0,23958.15,327.0,19.0,Year 2 (Sep 16 - Aug 17),226,90.3
2016-09-13,225,434.0,27011.92,421.0,140.0,Year 2 (Sep 16 - Aug 17),226,99.6
2016-09-14,225,418.0,27010.78,401.0,134.0,Year 2 (Sep 16 - Aug 17),226,99.6
2016-09-15,221,412.0,29210.4,344.0,5.0,Year 2 (Sep 16 - Aug 17),226,97.8
2016-09-16,224,432.0,28307.97,376.0,47.0,Year 2 (Sep 16 - Aug 17),226,99.1
2016-09-17,222,435.0,27202.2,397.0,69.0,Year 2 (Sep 16 - Aug 17),226,98.2
2016-09-18,200,395.0,23234.41,360.0,29.0,Year 2 (Sep 16 - Aug 17),226,88.5
2016-09-19,224,412.0,27885.42,376.0,33.0,Year 2 (Sep 16 - Aug 17),226,99.1
2016-09-20,216,409.0,26625.93,373.0,6.0,Year 2 (Sep 16 - Aug 17),226,95.6
2016-09-21,224,412.0,25314.57,404.0,89.0,Year 2 (Sep 16 - Aug 17),226,99.1
2016-09-22,226,413.0,27331.62,390.0,54.0,Year 2 (Sep 16 - Aug 17),226,100.0
2016-09-23,226,440.0,25075.91,421.0,52.0,Year 2 (Sep 16 - Aug 17),226,100.0
2016-09-24,223,445.0,26260.44,422.0,52.0,Year 2 (Sep 16 - Aug 17),226,98.7
2016-09-25,180,355.0,21807.26,305.0,6.0,Year 2 (Sep 16 - Aug 17),226,79.6
2016-09-26,207,402.0,24863.03,362.0,83.0,Year 2 (Sep 16 - Aug 17),226,91.6
2016-09-27,220,424.0,26716.71,375.0,83.0,Year 2 (Sep 16 - Aug 17),226,97.3
2016-09-28,225,415.0,25936.2,384.0,120.0,Year 2 (Sep 16 - Aug 17),226,99.6
2016-09-29,192,363.0,22868.15,322.0,61.0,Year 2 (Sep 16 - Aug 17),226,85.0
2016-09-30,220,422.0,25327.47,405.0,55.0,Year 2 (Sep 16 - Aug 17),226,97.3
2016-10-01,211,414.0,24185.41,395.0,69.0,Year 2 (Sep 16 - Aug 17),226,93.4
2016-10-02,193,389.0,22082.8,344.0,27.0,Year 2 (Sep 16 - Aug 17),226,85.4
2016-10-03,220,435.0,24863.98,368.0,19.0,Year 2 (Sep 16 - Aug 17),226,97.3
2016-10-04,213,420.0,24139.04,370.0,10.0,Year 2 (Sep 16 - Aug 17),226,94.2
2016-10-05,205,407.0,24275.56,357.0,12.0,Year 2 (Sep 16 - Aug 17),226,90.7
2016-10-06,224,435.0,25878.41,397.0,10.0,Year 2 (Sep 16 - Aug 17),226,99.1
2016-10-07,213,411.0,24956.62,380.0,15.0,Year 2 (Sep 16 - Aug 17),226,94.2
2016-10-08,215,419.0,25241.99,391.0,20.0,Year 2 (Sep 16 - Aug 17),226,95.1
2016-10-09,216,415.0,24005.92,389.0,13.0,Year 2 (Sep 16 - Aug 17),226,95.6
2016-10-10,209,372.0,23538.97,348.0,11.0,Year 2 (Sep 16 - Aug 17),226,92.5
2016-10-11,207,337.0,24069.96,317.0,4.0,Year 2 (Sep 16 - Aug 17),226,91.6
2016-10-12,208,326.0,23580.4,308.0,5.0,Year 2 (Sep 16 - Aug 17),226,92.0
2016-10-13,212,338.0,22894.18,297.0,7.0,Year 2 (Sep 16 - Aug 17),226,93.8
2016-10-14,223,370.0,23543.5,364.0,130.0,Year 2 (Sep 16 - Aug 17),226,98.7
2016-10-15,222,393.0,24212.04,381.0,130.0,Year 2 (Sep 16 - Aug 17),226,98.2
2016-10-16,170,332.0,18336.79,305.0,2.0,Year 2 (Sep 16 - Aug 17),226,75.2
2016-10-17,207,404.0,23121.16,361.0,9.0,Year 2 (Sep 16 - Aug 17),226,91.6
2016-10-18,211,419.0,23496.31,366.0,11.0,Year 2 (Sep 16 - Aug 17),226,93.4
2016-10-19,205,412.0,23330.95,354.0,14.0,Year 2 (Sep 16 - Aug 17),226,90.7
2016-10-20,204,422.0,23217.39,371.0,14.0,Year 2 (Sep 16 - Aug 17),226,90.3
2016-10-21,193,413.0,21995.15,358.0,17.0,Year 2 (Sep 16 - Aug 17),226,85.4
2016-10-22,189,407.0,21285.19,364.0,29.0,Year 2 (Sep 16 - Aug 17),226,83.6
2016-10-23,217,440.0,23165.57,420.0,154.0,Year 2 (Sep 16 - Aug 17),226,96.0
2016-10-24,225,459.0,23588.62,443.0,158.0,Year 2 (Sep 16 - Aug 17),226,99.6
2016-10-25,217,450.0,22399.49,400.0,40.0,Year 2 (Sep 16 - Aug 17),226,96.0
2016-10-26,224,448.0,23423.2,396.0,36.0,Year 2 (Sep 16 - Aug 17),226,99.1
2016-10-27,217,438.0,22714.33,381.0,38.0,Year 2 (Sep 16 - Aug 17),226,96.0
2016-10-28,214,440.0,22916.04,379.0,14.0,Year 2 (Sep 16 - Aug 17),226,94.7
2016-10-29,214,453.0,23404.19,377.0,23.0,Year 2 (Sep 16 - Aug 17),226,94.7
2016-10-30,218,435.0,23279.33,368.0,18.0,Year 2 (Sep 16 - Aug 17),226,96.5
2016-10-31,220,447.0,22879.38,378.0,24.0,Year 2 (Sep 16 - Aug 17),226,97.3
2016-11-01,190,389.0,18470.68,328.0,23.0,Year 2 (Sep 16 - Aug 17),226,84.1
2016-11-02,210,410.0,20083.48,317.0,25.0,Year 2 (Sep 16 - Aug 17),226,92.9
2016-11-03,200,394.0,19146.11,308.0,25.0,Year 2 (Sep 16 - Aug 17),226,88.5
2016-11-04,195,391.0,19112.94,313.0,13.0,Year 2 (Sep 16 - Aug 17),226,86.3
2016-11-05,185,364.0,19200.01,302.0,7.0,Year 2 (Sep 16 - Aug 17),226,81.9
2016-11-06,148,249.0,17197.7,194.0,1.0,Year 2 (Sep 16 - Aug 17),226,65.5
2016-11-07,186,273.0,26436.72,221.0,1.0,Year 2 (Sep 16 - Aug 17),226,82.3
2016-11-08,198,280.0,28307.53,228.0,3.0,Year 2 (Sep 16 - Aug 17),226,87.6
2016-11-09,189,276.0,27223.07,225.0,3.0,Year 2 (Sep 16 - Aug 17),226,83.6
2016-11-10,166,283.0,21147.19,223.0,3.0,Year 2 (Sep 16 - Aug 17),226,73.5
2016-11-11,199,389.0,20420.52,318.0,8.0,Year 2 (Sep 16 - Aug 17),226,88.1
2016-11-12,203,406.0,20002.96,314.0,8.0,Year 2 (Sep 16 - Aug 17),226,89.8
2016-11-13,193,367.0,16902.99,283.0,4.0,Year 2 (Sep 16 - Aug 17),226,85.4
2016-11-14,201,371.0,17227.35,308.0,6.0,Year 2 (Sep 16 - Aug 17),226,88.9
2016-11-15,177,323.0,15064.21,272.0,8.0,Year 2 (Sep 16 - Aug 17),226,78.3
2016-11-16,199,360.0,17044.07,304.0,10.0,Year 2 (Sep 16 - Aug 17),226,88.1
2016-11-17,185,339.0,15728.69,272.0,8.0,Year 2 (Sep 16 - Aug 17),226,81.9
2016-11-18,199,389.0,17405.48,299.0,10.0,Year 2 (Sep 16 - Aug 17),226,88.1
2016-11-19,199,404.0,17390.81,319.0,10.0,Year 2 (Sep 16 - Aug 17),226,88.1
2016-11-20,154,301.0,13356.33,240.0,8.0,Year 2 (Sep 16 - Aug 17),226,68.1
2016-11-21,207,328.0,16827.41,281.0,8.0,Year 2 (Sep 16 - Aug 17),226,91.6
2016-11-22,202,311.0,16211.93,267.0,9.0,Year 2 (Sep 16 - Aug 17),226,89.4
2016-11-23,158,256.0,12897.16,224.0,11.0,Year 2 (Sep 16 - Aug 17),226,69.9
2016-11-24,130,243.0,10916.43,220.0,15.0,Year 2 (Sep 16 - Aug 17),226,57.5
2016-11-25,182,365.0,15864.16,317.0,9.0,Year 2 (Sep 16 - Aug 17),226,80.5
2016-11-26,162,331.0,14193.73,288.0,13.0,Year 2 (Sep 16 - Aug 17),226,71.7
2016-11-27,112,218.0,9538.17,190.0,6.0,Year 2 (Sep 16 - Aug 17),226,49.6
2016-11-28,132,226.0,10683.87,203.0,6.0,Year 2 (Sep 16 - Aug 17),226,58.4
2016-11-29,126,203.0,9939.97,191.0,6.0,Year 2 (Sep 16 - Aug 17),226,55.8
2016-11-30,104,186.0,8635.07,169.0,2.0,Year 2 (Sep 16 - Aug 17),226,46.0
2016-12-01,108,216.0,9397.42,183.0,8.0,Year 2 (Sep 16 - Aug 17),226,47.8
2016-12-02,134,273.0,11713.94,230.0,6.0,Year 2 (Sep 16 - Aug 17),226,59.3
2016-12-03,175,360.0,15742.65,313.0,19.0,Year 2 (Sep 16 - Aug 17),226,77.4
2016-12-04,142,289.0,12708.29,243.0,21.0,Year 2 (Sep 16 - Aug 17),226,62.8
2016-12-05,168,328.0,14716.79,264.0,16.0,Year 2 (Sep 16 - Aug 17),226,74.3
2016-12-06,127,257.0,11191.23,214.0,12.0,Year 2 (Sep 16 - Aug 17),226,56.2
2016-12-07,133,275.0,11895.71,230.0,8.0,Year 2 (Sep 16 - Aug 17),226,58.8
2016-12-08,174,377.0,15918.37,338.0,6.0,Year 2 (Sep 16 - Aug 17),226,77.0
2016-12-09,186,399.0,16950.92,350.0,6.0,Year 2 (Sep 16 - Aug 17),226,82.3
2016-12-10,185,402.0,16730.0,351.0,6.0,Year 2 (Sep 16 - Aug 17),226,81.9
2016-12-11,90,184.0,8109.49,151.0,2.0,Year 2 (Sep 16 - Aug 17),226,39.8
2016-12-12,63,116.0,5502.09,89.0,6.0,Year 2 (Sep 16 - Aug 17),226,27.9
2016-12-13,69,122.0,5782.97,103.0,14.0,Year 2 (Sep 16 - Aug 17),226,30.5
2016-12-14,72,127.0,6036.37,103.0,16.0,Year 2 (Sep 16 - Aug 17),226,31.9
2016-12-15,67,121.0,5822.05,101.0,18.0,Year 2 (Sep 16 - Aug 17),226,29.6
2016-12-16,88,167.0,7424.47,141.0,14.0,Year 2 (Sep 16 - Aug 17),226,38.9
2016-12-17,85,174.0,7429.54,136.0,18.0,Year 2 (Sep 16 - Aug 17),226,37.6
2016-12-18,84,161.0,7350.14,132.0,4.0,Year 2 (Sep 16 - Aug 17),226,37.2
2016-12-19,99,180.0,8601.03,148.0,4.0,Year 2 (Sep 16 - Aug 17),226,43.8
2016-12-20,97,188.0,8424.83,153.0,12.0,Year 2 (Sep 16 - Aug 17),226,42.9
2016-12-21,99,200.0,8977.59,169.0,40.0,Year 2 (Sep 16 - Aug 17),226,43.8
2016-12-22,100,223.0,9625.37,187.0,40.0,Year 2 (Sep 16 - Aug 17),226,44.2
2016-12-23,110,264.0,10970.71,224.0,47.0,Year 2 (Sep 16 - Aug 17),226,48.7
2016-12-24,128,296.0,13336.29,261.0,70.0,Year 2 (Sep 16 - Aug 17),226,56.6
2016-12-25,140,323.0,14374.4,281.0,59.0,Year 2 (Sep 16 - Aug 17),226,61.9
2016-12-26,148,339.0,15168.76,297.0,42.0,Year 2 (Sep 16 - Aug 17),226,65.5
2016-12-27,224,494.0,21057.31,451.0,38.0,Year 2 (Sep 16 - Aug 17),226,99.1
2016-12-28,203,449.0,21076.0,395.0,41.0,Year 2 (Sep 16 - Aug 17),226,89.8
2016-12-29,214,450.0,22416.59,395.0,27.0,Year 2 (Sep 16 - Aug 17),226,94.7
2016-12-30,222,461.0,25525.18,410.0,22.0,Year 2 (Sep 16 - Aug 17),226,98.2
2016-12-31,219,449.0,25788.8,402.0,16.0,Year 2 (Sep 16 - Aug 17),226,96.9
2017-01-01,220,454.0,22740.25,421.0,17.0,Year 2 (Sep 16 - Aug 17),226,97.3
2017-01-02,184,391.0,18635.22,347.0,21.0,Year 2 (Sep 16 - Aug 17),226,81.4
2017-01-03,175,376.0,17836.48,315.0,32.0,Year 2 (Sep 16 - Aug 17),226,77.4
2017-01-04,170,360.0,16649.28,289.0,35.0,Year 2 (Sep 16 - Aug 17),226,75.2
2017-01-05,151,333.0,14428.89,267.0,28.0,Year 2 (Sep 16 - Aug 17),226,66.8
2017-01-06,125,277.0,11849.94,232.0,27.0,Year 2 (Sep 16 - Aug 17),226,55.3
2017-01-07,122,258.0,11366.33,217.0,30.0,Year 2 (Sep 16 - Aug 17),226,54.0
2017-01-08,111,218.0,9592.83,187.0,21.0,Year 2 (Sep 16 - Aug 17),226,49.1
2017-01-09,113,212.0,9476.2,190.0,20.0,Year 2 (Sep 16 - Aug 17),226,50.0
2017-01-10,139,240.0,11066.11,216.0,17.0,Year 2 (Sep 16 - Aug 17),226,61.5
2017-01-11,122,220.0,10067.09,194.0,17.0,Year 2 (Sep 16 - Aug 17),226,54.0
2017-01-12,115,209.0,9356.04,170.0,20.0,Year 2 (Sep 16 - Aug 17),226,50.9
2017-01-13,123,240.0,10536.63,202.0,17.0,Year 2 (Sep 16 - Aug 17),226,54.4
2017-01-14,107,226.0,9768.6,180.0,14.0,Year 2 (Sep 16 - Aug 17),226,47.3
2017-01-15,90,175.0,7659.72,141.0,11.0,Year 2 (Sep 16 - Aug 17),226,39.8
2017-01-16,108,203.0,9462.83,168.0,4.0,Year 2 (Sep 16 - Aug 17),226,47.8
2017-01-17,104,183.0,9178.62,154.0,2.0,Year 2 (Sep 16 - Aug 17),226,46.0
2017-01-18,194,287.0,16230.06,261.0,8.0,Year 2 (Sep 16 - Aug 17),226,85.8
2017-01-19,162,267.0,13752.99,238.0,8.0,Year 2 (Sep 16 - Aug 17),226,71.7
2017-01-20,167,297.0,14557.61,267.0,12.0,Year 2 (Sep 16 - Aug 17),226,73.9
2017-01-21,146,292.0,13587.58,249.0,22.0,Year 2 (Sep 16 - Aug 17),226,64.6
2017-01-22,138,266.0,12239.27,224.0,25.0,Year 2 (Sep 16 - Aug 17),226,61.1
2017-01-23,122,217.0,10022.72,190.0,12.0,Year 2 (Sep 16 - Aug 17),226,54.0
2017-01-24,122,213.0,10144.73,188.0,12.0,Year 2 (Sep 16 - Aug 17),226,54.0
2017-01-25,133,241.0,11574.22,208.0,16.0,Year 2 (Sep 16 - Aug 17),226,58.8
2017-01-26,131,238.0,11311.16,203.0,14.0,Year 2 (Sep 16 - Aug 17),226,58.0
2017-01-27,122,245.0,10323.11,187.0,11.0,Year 2 (Sep 16 - Aug 17),226,54.0
2017-01-28,123,259.0,10421.43,200.0,12.0,Year 2 (Sep 16 - Aug 17),226,54.4
2017-01-29,88,182.0,7574.88,153.0,16.0,Year 2 (Sep 16 - Aug 17),226,38.9
2017-01-30,87,176.0,7708.91,155.0,21.0,Year 2 (Sep 16 - Aug 17),226,38.5
2017-01-31,96,186.0,8599.57,163.0,24.0,Year 2 (Sep 16 - Aug 17),226,42.5
2017-02-01,96,185.0,9012.72,164.0,26.0,Year 2 (Sep 16 - Aug 17),226,42.5
2017-02-02,120,231.0,10974.62,185.0,27.0,Year 2 (Sep 16 - Aug 17),226,53.1
2017-02-03,133,263.0,12393.41,193.0,26.0,Year 2 (Sep 16 - Aug 17),226,58.8
2017-02-04,143,288.0,12920.23,204.0,20.0,Year 2 (Sep 16 - Aug 17),226,63.3
2017-02-05,133,254.0,11553.4,205.0,19.0,Year 2 (Sep 16 - Aug 17),226,58.8
2017-02-06,123,224.0,10272.78,183.0,11.0,Year 2 (Sep 16 - Aug 17),226,54.4
2017-02-07,139,253.0,11543.46,204.0,17.0,Year 2 (Sep 16 - Aug 17),226,61.5
2017-02-08,137,255.0,11486.83,201.0,12.0,Year 2 (Sep 16 - Aug 17),226,60.6
2017-02-09,159,307.0,13833.34,247.0,18.0,Year 2 (Sep 16 - Aug 17),226,70.4
2017-02-10,176,362.0,15976.43,280.0,23.0,Year 2 (Sep 16 - Aug 17),226,77.9
2017-02-11,174,362.0,15921.14,282.0,22.0,Year 2 (Sep 16 - Aug 17),226,77.0
2017-02-12,174,368.0,15734.13,288.0,22.0,Year 2 (Sep 16 - Aug 17),226,77.0
2017-02-13,206,431.0,19369.88,349.0,32.0,Year 2 (Sep 16 - Aug 17),226,91.2
2017-02-14,214,445.0,20540.52,360.0,36.0,Year 2 (Sep 16 - Aug 17),226,94.7
2017-02-15,222,454.0,20534.18,387.0,22.0,Year 2 (Sep 16 - Aug 17),226,98.2
2017-02-16,209,441.0,19434.34,384.0,25.0,Year 2 (Sep 16 - Aug 17),226,92.5
2017-02-17,201,428.0,18473.15,379.0,29.0,Year 2 (Sep 16 - Aug 17),226,88.9
2017-02-18,199,421.0,18474.19,376.0,31.0,Year 2 (Sep 16 - Aug 17),226,88.1
2017-02-19,169,363.0,15788.67,323.0,29.0,Year 2 (Sep 16 - Aug 17),226,74.8
2017-02-20,187,406.0,17609.01,366.0,33.0,Year 2 (Sep 16 - Aug 17),226,82.7
2017-02-21,191,403.0,17841.41,352.0,40.0,Year 2 (Sep 16 - Aug 17),226,84.5
2017-02-22,226,426.0,20186.38,387.0,46.0,Year 2 (Sep 16 - Aug 17),226,100.0
2017-02-23,207,370.0,18300.23,326.0,34.0,Year 2 (Sep 16 - Aug 17),226,91.6
2017-02-24,139,291.0,13565.47,246.0,25.0,Year 2 (Sep 16 - Aug 17),226,61.5
2017-02-25,185,316.0,16787.37,275.0,12.0,Year 2 (Sep 16 - Aug 17),226,81.9
2017-02-26,170,333.0,15882.63,282.0,36.0,Year 2 (Sep 16 - Aug 17),226,75.2
2017-02-27,215,421.0,19760.87,340.0,34.0,Year 2 (Sep 16 - Aug 17),226,95.1
2017-02-28,190,375.0,17447.13,305.0,28.0,Year 2 (Sep 16 - Aug 17),226,84.1
2017-03-01,179,368.0,16444.66,294.0,24.0,Year 2 (Sep 16 - Aug 17),226,79.2
2017-03-02,201,405.0,17901.9,311.0,18.0,Year 2 (Sep 16 - Aug 17),226,88.9
2017-03-03,207,415.0,18735.17,321.0,18.0,Year 2 (Sep 16 - Aug 17),226,91.6
2017-03-04,190,378.0,17147.81,287.0,11.0,Year 2 (Sep 16 - Aug 17),226,84.1
2017-03-05,175,337.0,15622.54,278.0,7.0,Year 2 (Sep 16 - Aug 17),226,77.4
2017-03-06,217,404.0,18927.33,357.0,10.0,Year 2 (Sep 16 - Aug 17),226,96.0
2017-03-07,220,407.0,19303.98,370.0,12.0,Year 2 (Sep 16 - Aug 17),226,97.3
2017-03-08,191,347.0,17124.18,299.0,16.0,Year 2 (Sep 16 - Aug 17),226,84.5
2017-03-09,186,342.0,16425.68,278.0,15.0,Year 2 (Sep 16 - Aug 17),226,82.3
2017-03-10,212,412.0,19135.16,366.0,16.0,Year 2 (Sep 16 - Aug 17),226,93.8
2017-03-11,223,440.0,19929.46,383.0,8.0,Year 2 (Sep 16 - Aug 17),226,98.7
2017-03-12,191,364.0,16038.02,318.0,4.0,Year 2 (Sep 16 - Aug 17),226,84.5
2017-03-13,169,298.0,15854.92,242.0,6.0,Year 2 (Sep 16 - Aug 17),226,74.8
2017-03-14,208,346.0,18822.92,292.0,6.0,Year 2 (Sep 16 - Aug 17),226,92.0
2017-03-15,220,369.0,18344.54,311.0,14.0,Year 2 (Sep 16 - Aug 17),226,97.3
2017-03-16,217,399.0,18499.03,323.0,18.0,Year 2 (Sep 16 - Aug 17),226,96.0
2017-03-17,220,438.0,19706.48,361.0,17.0,Year 2 (Sep 16 - Aug 17),226,97.3
2017-03-18,226,466.0,20943.13,389.0,16.0,Year 2 (Sep 16 - Aug 17),226,100.0
2017-03-19,223,438.0,20384.24,381.0,22.0,Year 2 (Sep 16 - Aug 17),226,98.7
2017-03-20,219,405.0,19567.41,365.0,27.0,Year 2 (Sep 16 - Aug 17),226,96.9
2017-03-21,216,402.0,19378.98,359.0,24.0,Year 2 (Sep 16 - Aug 17),226,95.6
2017-03-22,184,344.0,16505.29,293.0,27.0,Year 2 (Sep 16 - Aug 17),226,81.4
2017-03-23,198,367.0,18393.74,302.0,21.0,Year 2 (Sep 16 - Aug 17),226,87.6
2017-03-24,222,407.0,21471.46,359.0,15.0,Year 2 (Sep 16 - Aug 17),226,98.2
2017-03-25,225,424.0,22131.96,376.0,12.0,Year 2 (Sep 16 - Aug 17),226,99.6
2017-03-26,166,338.0,15784.19,293.0,24.0,Year 2 (Sep 16 - Aug 17),226,73.5
2017-03-27,214,422.0,19832.47,378.0,21.0,Year 2 (Sep 16 - Aug 17),226,94.7
2017-03-28,215,427.0,19845.53,378.0,19.0,Year 2 (Sep 16 - Aug 17),226,95.1
2017-03-29,197,377.0,18404.01,303.0,14.0,Year 2 (Sep 16 - Aug 17),226,87.2
2017-03-30,217,422.0,20660.82,336.0,18.0,Year 2 (Sep 16 - Aug 17),226,96.0
2017-03-31,212,424.0,21849.76,348.0,19.0,Year 2 (Sep 16 - Aug 17),226,93.8
2017-04-01,215,445.0,22838.81,363.0,10.0,Year 2 (Sep 16 - Aug 17),226,95.1
2017-04-02,189,406.0,21201.44,337.0,16.0,Year 2 (Sep 16 - Aug 17),226,83.6
2017-04-03,223,464.0,25400.53,422.0,24.0,Year 2 (Sep 16 - Aug 17),226,98.7
2017-04-04,218,446.0,24938.06,402.0,24.0,Year 2 (Sep 16 - Aug 17),226,96.5
2017-04-05,215,411.0,24944.29,363.0,21.0,Year 2 (Sep 16 - Aug 17),226,95.1
2017-04-06,222,443.0,26697.54,381.0,19.0,Year 2 (Sep 16 - Aug 17),226,98.2
2017-04-07,215,458.0,26781.73,398.0,33.0,Year 2 (Sep 16 - Aug 17),226,95.1
2017-04-08,218,459.0,26714.48,383.0,55.0,Year 2 (Sep 16 - Aug 17),226,96.5
2017-04-09,197,440.0,24365.37,354.0,54.0,Year 2 (Sep 16 - Aug 17),226,87.2
2017-04-10,219,494.0,27858.25,430.0,63.0,Year 2 (Sep 16 - Aug 17),226,96.9
2017-04-11,218,496.0,28382.99,427.0,46.0,Year 2 (Sep 16 - Aug 17),226,96.5
2017-04-12,210,485.0,27808.94,390.0,51.0,Year 2 (Sep 16 - Aug 17),226,92.9
2017-04-13,224,510.0,29511.49,396.0,34.0,Year 2 (Sep 16 - Aug 17),226,99.1
2017-04-14,223,489.0,28990.31,359.0,41.0,Year 2 (Sep 16 - Aug 17),226,98.7
2017-04-15,213,463.0,27970.67,354.0,56.0,Year 2 (Sep 16 - Aug 17),226,94.2
2017-04-16,217,471.0,28303.09,364.0,53.0,Year 2 (Sep 16 - Aug 17),226,96.0
2017-04-17,208,455.0,26848.71,364.0,62.0,Year 2 (Sep 16 - Aug 17),226,92.0
2017-04-18,195,406.0,24444.58,327.0,27.0,Year 2 (Sep 16 - Aug 17),226,86.3
2017-04-19,217,445.0,27047.63,385.0,31.0,Year 2 (Sep 16 - Aug 17),226,96.0
2017-04-20,223,451.0,27642.1,410.0,30.0,Year 2 (Sep 16 - Aug 17),226,98.7
2017-04-21,218,441.0,26880.38,407.0,24.0,Year 2 (Sep 16 - Aug 17),226,96.5
2017-04-22,220,448.0,27337.81,406.0,30.0,Year 2 (Sep 16 - Aug 17),226,97.3
2017-04-23,189,393.0,22071.3,351.0,34.0,Year 2 (Sep 16 - Aug 17),226,83.6
2017-04-24,222,441.0,25668.89,405.0,32.0,Year 2 (Sep 16 - Aug 17),226,98.2
2017-04-25,217,420.0,25562.87,390.0,42.0,Year 2 (Sep 16 - Aug 17),226,96.0
2017-04-26,222,411.0,26786.72,378.0,37.0,Year 2 (Sep 16 - Aug 17),226,98.2
2017-04-27,221,413.0,27042.07,363.0,32.0,Year 2 (Sep 16 - Aug 17),226,97.8
2017-04-28,224,458.0,28599.33,373.0,17.0,Year 2 (Sep 16 - Aug 17),226,99.1
2017-04-29,224,456.0,29148.22,333.0,26.0,Year 2 (Sep 16 - Aug 17),226,99.1
2017-04-30,217,442.0,28533.32,336.0,26.0,Year 2 (Sep 16 - Aug 17),226,96.0
2017-05-01,202,398.0,25926.34,318.0,10.0,Year 2 (Sep 16 - Aug 17),226,89.4
2017-05-02,198,377.0,24331.04,312.0,6.0,Year 2 (Sep 16 - Aug 17),226,87.6
2017-05-03,213,397.0,26327.19,321.0,16.0,Year 2 (Sep 16 - Aug 17),226,94.2
2017-05-04,216,417.0,27702.36,338.0,22.0,Year 2 (Sep 16 - Aug 17),226,95.6
2017-05-05,221,449.0,28618.72,352.0,16.0,Year 2 (Sep 16 - Aug 17),226,97.8
2017-05-06,221,460.0,28435.89,377.0,12.0,Year 2 (Sep 16 - Aug 17),226,97.8
2017-05-07,213,428.0,26229.78,348.0,4.0,Year 2 (Sep 16 - Aug 17),226,94.2
2017-05-08,197,373.0,23990.48,315.0,12.0,Year 2 (Sep 16 - Aug 17),226,87.2
2017-05-09,211,365.0,26307.52,308.0,24.0,Year 2 (Sep 16 - Aug 17),226,93.4
2017-05-10,218,387.0,28391.08,334.0,22.0,Year 2 (Sep 16 - Aug 17),226,96.5
2017-05-11,216,418.0,28760.87,345.0,33.0,Year 2 (Sep 16 - Aug 17),226,95.6
2017-05-12,209,412.0,29561.37,311.0,34.0,Year 2 (Sep 16 - Aug 17),226,92.5
2017-05-13,213,432.0,30079.49,339.0,28.0,Year 2 (Sep 16 - Aug 17),226,94.2
2017-05-14,221,399.0,29811.22,329.0,27.0,Year 2 (Sep 16 - Aug 17),226,97.8
2017-05-15,206,347.0,27330.59,295.0,32.0,Year 2 (Sep 16 - Aug 17),226,91.2
2017-05-16,222,373.0,29460.39,330.0,32.0,Year 2 (Sep 16 - Aug 17),226,98.2
2017-05-17,219,384.0,29696.08,348.0,38.0,Year 2 (Sep 16 - Aug 17),226,96.9
2017-05-18,219,413.0,30310.37,356.0,26.0,Year 2 (Sep 16 - Aug 17),226,96.9
2017-05-19,222,435.0,31010.01,358.0,21.0,Year 2 (Sep 16 - Aug 17),226,98.2
2017-05-20,224,435.0,32010.63,352.0,19.0,Year 2 (Sep 16 - Aug 17),226,99.1
2017-05-21,217,413.0,30588.97,334.0,21.0,Year 2 (Sep 16 - Aug 17),226,96.0
2017-05-22,223,410.0,30973.11,353.0,21.0,Year 2 (Sep 16 - Aug 17),226,98.7
2017-05-23,221,408.0,30874.73,342.0,23.0,Year 2 (Sep 16 - Aug 17),226,97.8
2017-05-24,220,425.0,29577.86,370.0,99.0,Year 2 (Sep 16 - Aug 17),226,97.3
2017-05-25,224,459.0,29772.12,390.0,99.0,Year 2 (Sep 16 - Aug 17),226,99.1
2017-05-26,222,475.0,30078.91,350.0,21.0,Year 2 (Sep 16 - Aug 17),226,98.2
2017-05-27,220,459.0,29369.16,376.0,29.0,Year 2 (Sep 16 - Aug 17),226,97.3
2017-05-28,191,382.0,24369.97,306.0,22.0,Year 2 (Sep 16 - Aug 17),226,84.5
2017-05-29,182,360.0,22678.04,282.0,26.0,Year 2 (Sep 16 - Aug 17),226,80.5
2017-05-30,180,349.0,23382.68,277.0,30.0,Year 2 (Sep 16 - Aug 17),226,79.6
2017-05-31,199,387.0,25334.88,319.0,25.0,Year 2 (Sep 16 - Aug 17),226,88.1
2017-06-01,199,410.0,25913.72,335.0,25.0,Year 2 (Sep 16 - Aug 17),226,88.1
2017-06-02,221,471.0,28701.35,406.0,25.0,Year 2 (Sep 16 - Aug 17),226,97.8
2017-06-03,214,458.0,28406.21,399.0,13.0,Year 2 (Sep 16 - Aug 17),226,94.7
2017-06-04,199,406.0,26179.19,346.0,14.0,Year 2 (Sep 16 - Aug 17),226,88.1
2017-06-05,216,423.0,28703.69,335.0,18.0,Year 2 (Sep 16 - Aug 17),226,95.6
2017-06-06,219,422.0,29797.15,303.0,16.0,Year 2 (Sep 16 - Aug 17),226,96.9
2017-06-07,219,420.0,29802.5,314.0,18.0,Year 2 (Sep 16 - Aug 17),226,96.9
2017-06-08,217,431.0,30718.16,342.0,29.0,Year 2 (Sep 16 - Aug 17),226,96.0
2017-06-09,217,451.0,30296.92,357.0,38.0,Year 2 (Sep 16 - Aug 17),226,96.0
2017-06-10,212,440.0,29218.14,338.0,32.0,Year 2 (Sep 16 - Aug 17),226,93.8
2017-06-11,188,378.0,25133.32,288.0,44.0,Year 2 (Sep 16 - Aug 17),226,83.2
2017-06-12,200,403.0,26610.32,323.0,39.0,Year 2 (Sep 16 - Aug 17),226,88.5
2017-06-13,203,399.0,26137.91,331.0,26.0,Year 2 (Sep 16 - Aug 17),226,89.8
2017-06-14,216,434.0,27339.41,375.0,32.0,Year 2 (Sep 16 - Aug 17),226,95.6
2017-06-15,217,443.0,28351.58,381.0,31.0,Year 2 (Sep 16 - Aug 17),226,96.0
2017-06-16,214,423.0,26982.8,347.0,25.0,Year 2 (Sep 16 - Aug 17),226,94.7
2017-06-17,212,442.0,27840.27,349.0,35.0,Year 2 (Sep 16 - Aug 17),226,93.8
2017-06-18,192,392.0,23952.15,315.0,30.0,Year 2 (Sep 16 - Aug 17),226,85.0
2017-06-19,205,403.0,26080.71,312.0,25.0,Year 2 (Sep 16 - Aug 17),226,90.7
2017-06-20,219,413.0,29377.02,307.0,25.0,Year 2 (Sep 16 - Aug 17),226,96.9
2017-06-21,223,431.0,30219.02,340.0,20.0,Year 2 (Sep 16 - Aug 17),226,98.7
2017-06-22,213,418.0,28230.49,325.0,29.0,Year 2 (Sep 16 - Aug 17),226,94.2
2017-06-23,206,422.0,26147.39,331.0,21.0,Year 2 (Sep 16 - Aug 17),226,91.2
2017-06-24,205,430.0,25791.74,344.0,29.0,Year 2 (Sep 16 - Aug 17),226,90.7
2017-06-25,211,421.0,25859.4,383.0,124.0,Year 2 (Sep 16 - Aug 17),226,93.4
2017-06-26,224,446.0,27289.73,410.0,135.0,Year 2 (Sep 16 - Aug 17),226,99.1
2017-06-27,199,387.0,24040.86,313.0,14.0,Year 2 (Sep 16 - Aug 17),226,88.1
2017-06-28,215,428.0,26175.23,353.0,15.0,Year 2 (Sep 16 - Aug 17),226,95.1
2017-06-29,214,450.0,26880.5,375.0,27.0,Year 2 (Sep 16 - Aug 17),226,94.7
2017-06-30,213,470.0,26829.67,388.0,34.0,Year 2 (Sep 16 - Aug 17),226,94.2
2017-07-01,216,473.0,26749.5,397.0,20.0,Year 2 (Sep 16 - Aug 17),226,95.6
2017-07-02,201,450.0,25291.97,369.0,34.0,Year 2 (Sep 16 - Aug 17),226,88.9
2017-07-03,208,464.0,26263.36,406.0,45.0,Year 2 (Sep 16 - Aug 17),226,92.0
2017-07-04,220,459.0,26846.92,433.0,158.0,Year 2 (Sep 16 - Aug 17),226,97.3
2017-07-05,224,459.0,27500.64,428.0,156.0,Year 2 (Sep 16 - Aug 17),226,99.1
2017-07-06,217,441.0,26453.37,346.0,37.0,Year 2 (Sep 16 - Aug 17),226,96.0
2017-07-07,220,478.0,26536.89,341.0,26.0,Year 2 (Sep 16 - Aug 17),226,97.3
2017-07-08,221,483.0,26324.27,349.0,18.0,Year 2 (Sep 16 - Aug 17),226,97.8
2017-07-09,219,489.0,26736.85,367.0,25.0,Year 2 (Sep 16 - Aug 17),226,96.9
2017-07-10,221,494.0,27541.89,391.0,22.0,Year 2 (Sep 16 - Aug 17),226,97.8
2017-07-11,219,480.0,27371.78,388.0,23.0,Year 2 (Sep 16 - Aug 17),226,96.9
2017-07-12,225,484.0,27581.98,419.0,32.0,Year 2 (Sep 16 - Aug 17),226,99.6
2017-07-13,224,465.0,27384.83,427.0,139.0,Year 2 (Sep 16 - Aug 17),226,99.1
2017-07-14,222,467.0,27231.82,431.0,137.0,Year 2 (Sep 16 - Aug 17),226,98.2
2017-07-15,215,460.0,26086.19,387.0,30.0,Year 2 (Sep 16 - Aug 17),226,95.1
2017-07-16,217,474.0,26790.03,397.0,37.0,Year 2 (Sep 16 - Aug 17),226,96.0
2017-07-17,224,496.0,27277.1,415.0,31.0,Year 2 (Sep 16 - Aug 17),226,99.1
2017-07-18,224,503.0,27048.0,435.0,28.0,Year 2 (Sep 16 - Aug 17),226,99.1
2017-07-19,224,500.0,27089.69,433.0,20.0,Year 2 (Sep 16 - Aug 17),226,99.1
2017-07-20,224,504.0,27528.41,431.0,16.0,Year 2 (Sep 16 - Aug 17),226,99.1
2017-07-21,215,488.0,26900.11,401.0,19.0,Year 2 (Sep 16 - Aug 17),226,95.1
2017-07-22,220,460.0,27773.04,392.0,92.0,Year 2 (Sep 16 - Aug 17),226,97.3
2017-07-23,220,465.0,28529.21,404.0,99.0,Year 2 (Sep 16 - Aug 17),226,97.3
2017-07-24,211,478.0,28269.45,374.0,26.0,Year 2 (Sep 16 - Aug 17),226,93.4
2017-07-25,223,505.0,30271.32,411.0,29.0,Year 2 (Sep 16 - Aug 17),226,98.7
2017-07-26,218,496.0,29053.39,422.0,28.0,Year 2 (Sep 16 - Aug 17),226,96.5
2017-07-27,223,491.0,28666.58,425.0,28.0,Year 2 (Sep 16 - Aug 17),226,98.7
2017-07-28,220,488.0,28474.96,416.0,24.0,Year 2 (Sep 16 - Aug 17),226,97.3
2017-07-29,210,471.0,27430.82,390.0,27.0,Year 2 (Sep 16 - Aug 17),226,92.9
2017-07-30,191,430.0,25025.11,363.0,23.0,Year 2 (Sep 16 - Aug 17),226,84.5
2017-07-31,215,478.0,27439.71,400.0,28.0,Year 2 (Sep 16 - Aug 17),226,95.1
2017-08-01,210,472.0,27807.6,374.0,30.0,Year 2 (Sep 16 - Aug 17),226,92.9
2017-08-02,223,506.0,30834.51,421.0,92.0,Year 2 (Sep 16 - Aug 17),226,98.7
2017-08-03,221,497.0,29717.16,403.0,57.0,Year 2 (Sep 16 - Aug 17),226,97.8
2017-08-04,223,517.0,30198.06,398.0,37.0,Year 2 (Sep 16 - Aug 17),226,98.7
2017-08-05,212,488.0,28726.78,359.0,41.0,Year 2 (Sep 16 - Aug 17),226,93.8
2017-08-06,216,491.0,28999.41,370.0,42.0,Year 2 (Sep 16 - Aug 17),226,95.6
2017-08-07,223,503.0,31009.31,414.0,51.0,Year 2 (Sep 16 - Aug 17),226,98.7
2017-08-08,225,504.0,31120.66,422.0,55.0,Year 2 (Sep 16 - Aug 17),226,99.6
2017-08-09,222,494.0,30995.25,416.0,58.0,Year 2 (Sep 16 - Aug 17),226,98.2
2017-08-10,222,498.0,31190.44,419.0,51.0,Year 2 (Sep 16 - Aug 17),226,98.2
2017-08-11,222,504.0,31774.7,424.0,44.0,Year 2 (Sep 16 - Aug 17),226,98.2
2017-08-12,225,517.0,32167.37,431.0,41.0,Year 2 (Sep 16 - Aug 17),226,99.6
2017-08-13,208,480.0,28831.02,387.0,25.0,Year 2 (Sep 16 - Aug 17),226,92.0
2017-08-14,223,521.0,31507.95,431.0,38.0,Year 2 (Sep 16 - Aug 17),226,98.7
2017-08-15,218,519.0,31345.68,431.0,48.0,Year 2 (Sep 16 - Aug 17),226,96.5
2017-08-16,220,511.0,30759.89,422.0,50.0,Year 2 (Sep 16 - Aug 17),226,97.3
2017-08-17,221,520.0,30259.26,426.0,41.0,Year 2 (Sep 16 - Aug 17),226,97.8
2017-08-18,222,530.0,30230.9,431.0,50.0,Year 2 (Sep 16 - Aug 17),226,98.2
2017-08-19,217,503.0,29193.57,432.0,44.0,Year 2 (Sep 16 - Aug 17),226,96.0
2017-08-20,220,477.0,28685.0,413.0,46.0,Year 2 (Sep 16 - Aug 17),226,97.3
2017-08-21,222,467.0,28493.78,405.0,43.0,Year 2 (Sep 16 - Aug 17),226,98.2
2017-08-22,222,453.0,28287.02,390.0,44.0,Year 2 (Sep 16 - Aug 17),226,98.2
2017-08-23,223,458.0,29063.73,383.0,57.0,Year 2 (Sep 16 - Aug 17),226,98.7
2017-08-24,222,462.0,29551.1,383.0,43.0,Year 2 (Sep 16 - Aug 17),226,98.2
2017-08-25,221,481.0,30051.85,428.0,156.0,Year 2 (Sep 16 - Aug 17),226,97.8
2017-08-26,223,480.0,29465.21,444.0,160.0,Year 2 (Sep 16 - Aug 17),226,98.7
2017-08-27,193,422.0,25165.48,350.0,51.0,Year 2 (Sep 16 - Aug 17),226,85.4
2017-08-28,213,401.0,26796.17,368.0,96.0,Year 2 (Sep 16 - Aug 17),226,94.2
2017-08-29,212,368.0,26675.68,329.0,106.0,Year 2 (Sep 16 - Aug 17),226,93.8
2017-08-30,202,338.0,24394.42,300.0,95.0,Year 2 (Sep 16 - Aug 17),226,89.4
2017-08-31,223,386.0,27278.39,346.0,91.0,Year 2 (Sep 16 - Aug 17),226,98.7
